text,date
"Hi, today was a struggle. Couldn't shake off the fatigue, and it made everything feel like a chore.",
,
Feeling on top of the world! Had so much energy today and got a lot done.,
,
"Ugh, today was one of those days where everything went wrong. Exhausted and frustrated.",
,
"Managed to squeeze in a quick workout, and it lifted my spirits. Feeling accomplished!",
,
"Woke up with a headache, and it lingered all day. Couldn't catch a break.",
,
Today was a win! Finally tackled that project I've been putting off. Productivity vibes!,
,
"Had a good laugh with friends, and it turned my entire day around. Grateful for those moments.",
,
"Feeling a bit under the weather, and it affected my mood. Hoping for a better day tomorrow.",
,
"Awesome day! Nailed the presentation at work, and the compliments made it even better.",
,
Struggled to focus today; my mind was all over the place. Need to find a way to recharge.,
,
"Went for a nature walk, and it brought so much peace. Nature is my therapy.",
,
"Feeling meh. Nothing particularly bad happened, but it wasn't a standout day either.",
,
"Celebrated a small victory today, and it made the entire day brighter.",
,
Burnt out from work. Need to figure out a better work-life balance.,
,
Spent quality time with loved ones. Family time is the best mood booster.,
,
"Battled anxiety all day. It's exhausting, but I'm pushing through.",
,
Tackled my to-do list like a boss! Super proud of myself.,
,
"Low energy day, and I couldn't shake off the lethargy.",
,
Had a creative breakthrough today. Excited about the new project!,
,
"Felt a bit overwhelmed with responsibilities. Tomorrow is a new day, though.",
,
"Practiced mindfulness, and it made a noticeable difference in my mood.",
,
"Slept poorly, and it set the tone for the entire day. Grumpy and tired.",
,
Grateful for the small joys – a good cup of coffee and a beautiful sunrise.,
,
"Dealt with a challenging situation at work, but I handled it well. Patting myself on the back.",
,
"Woke up with a positive mindset, and it carried me through the entire day.",
,
"Missed my morning routine, and it threw off my day. Note to self: stick to the routine!",
,
Spontaneously decided to try a new hobby. It injected excitement into my day.,
,
Feeling a bit lonely today. Need to reach out to friends for a virtual hangout.,
,
Found joy in simple pleasures – a good book and a cozy blanket.,
,
"Reflecting on the day, and despite the challenges, there were moments of gratitude.",